-- phpMyAdmin SQL Dump
-- version 4.9.0.1
-- https://www.phpmyadmin.net/
--
-- Хост: 127.0.0.1:3306
-- Время создания: Фев 16 2021 г., 22:26
-- Версия сервера: 10.3.13-MariaDB-log
-- Версия PHP: 7.3.9

SET SQL_MODE = "NO_AUTO_VALUE_ON_ZERO";
SET AUTOCOMMIT = 0;
START TRANSACTION;
SET time_zone = "+00:00";


/*!40101 SET @OLD_CHARACTER_SET_CLIENT=@@CHARACTER_SET_CLIENT */;
/*!40101 SET @OLD_CHARACTER_SET_RESULTS=@@CHARACTER_SET_RESULTS */;
/*!40101 SET @OLD_COLLATION_CONNECTION=@@COLLATION_CONNECTION */;
/*!40101 SET NAMES utf8mb4 */;

--
-- База данных: `blog`
--

-- --------------------------------------------------------

--
-- Структура таблицы `articles`
--

CREATE TABLE `articles` (
  `id` int(11) NOT NULL,
  `rubric_id` int(11) DEFAULT NULL,
  `title` text DEFAULT NULL,
  `subtitle` text DEFAULT NULL,
  `text` text DEFAULT NULL,
  `author` int(11) DEFAULT NULL,
  `visibility` int(11) NOT NULL DEFAULT 0,
  `date_add` timestamp NOT NULL DEFAULT current_timestamp()
) ENGINE=InnoDB DEFAULT CHARSET=utf8;

--
-- Дамп данных таблицы `articles`
--

INSERT INTO `articles` (`id`, `rubric_id`, `title`, `subtitle`, `text`, `author`, `visibility`, `date_add`) VALUES
(125, 8, 'Что такое Vue.js', 'Принципы работы, преимущества и недостатки.', '[{\"type\":\"img\",\"value\":[\"602bc978607aa_logo.png\"]},{\"type\":\"text\",\"value\":\"Ennui Williamsburg Echo Park pork belly, hella flannel single-origin coffee. Bicycle rights artisan beard Neutra cardigan Echo Park. Shoreditch flannel tote bag pug jean shorts post-ironic semiotics cornhole forage. Skateboard aesthetic synth leggings Banksy. Shabby chic PBR plaid helvetica dreamcatcher tousled, irony ethnic Tonx sustainable before they sold out McSweeney\'s. Hoodie Banksy freegan bicycle rights, aesthetic try-hard fap ethnic deep v fixie. Before they sold out +1 ugh, Bushwick Wes Anderson cred Marfa synth butcher jean shorts Terry Richardson.<br>\\r\\n<br>\\r\\nEnnui Williamsburg Echo Park pork belly, hella flannel single-origin coffee. Bicycle rights artisan beard Neutra cardigan Echo Park. Shoreditch flannel tote bag pug jean shorts post-ironic semiotics cornhole forage. Skateboard aesthetic synth leggings Banksy. Shabby chic PBR plaid helvetica dreamcatcher tousled, irony ethnic Tonx sustainable before they sold out McSweeney\'s. Hoodie Banksy freegan bicycle rights, aesthetic try-hard fap ethnic deep v fixie. Before they sold out +1 ugh, Bushwick Wes Anderson cred Marfa synth butcher jean shorts Terry Richardson.<br>\\r\\nEnnui Williamsburg Echo Park pork belly, hella flannel single-origin coffee. Bicycle rights artisan beard Neutra cardigan Echo Park. Shoreditch flannel tote bag pug jean shorts post-ironic semiotics cornhole forage. Skateboard aesthetic synth leggings Banksy. Shabby chic PBR plaid helvetica dreamcatcher tousled, irony ethnic Tonx sustainable before they sold out McSweeney\'s. Hoodie Banksy freegan bicycle rights, aesthetic try-hard fap ethnic deep v fixie. Before they sold out +1 ugh, Bushwick Wes Anderson cred Marfa synth butcher jean shorts Terry Richardson.<br>\\r\\nEnnui Williamsburg Echo Park pork belly, hella flannel single-origin coffee. Bicycle rights artisan beard Neutra cardigan Echo Park. Shoreditch flannel tote bag pug jean shorts post-ironic semiotics cornhole forage. Skateboard aesthetic synth leggings Banksy. Shabby chic PBR plaid helvetica dreamcatcher tousled, irony ethnic Tonx sustainable before they sold out McSweeney\'s. Hoodie Banksy freegan bicycle rights, aesthetic try-hard fap ethnic deep v fixie. Before they sold out +1 ugh, Bushwick Wes Anderson cred Marfa synth butcher jean shorts Terry Richardson.<br>\\r\\nEnnui Williamsburg Echo Park pork belly, hella flannel single-origin coffee. Bicycle rights artisan beard Neutra cardigan Echo Park. Shoreditch flannel tote bag pug jean shorts post-ironic semiotics cornhole forage. Skateboard aesthetic synth leggings Banksy. Shabby chic PBR plaid helvetica dreamcatcher tousled, irony ethnic Tonx sustainable before they sold out McSweeney\'s. Hoodie Banksy freegan bicycle rights, aesthetic try-hard fap ethnic deep v fixie. Before they sold out +1 ugh, Bushwick Wes Anderson cred Marfa synth butcher jean shorts Terry Richardson.<br>\\r\\n<br>\\r\\nEnnui Williamsburg Echo Park pork belly, hella flannel single-origin coffee. Bicycle rights artisan beard Neutra cardigan Echo Park. Shoreditch flannel tote bag pug jean shorts post-ironic semiotics cornhole forage. Skateboard aesthetic synth leggings Banksy. Shabby chic PBR plaid helvetica dreamcatcher tousled, irony ethnic Tonx sustainable before they sold out McSweeney\'s. Hoodie Banksy freegan bicycle rights, aesthetic try-hard fap ethnic deep v fixie. Before they sold out +1 ugh, Bushwick Wes Anderson cred Marfa synth butcher jean shorts Terry Richardson.<br>\\r\\n<br>\\r\\nEnnui Williamsburg Echo Park pork belly, hella flannel single-origin coffee. Bicycle rights artisan beard Neutra cardigan Echo Park. Shoreditch flannel tote bag pug jean shorts post-ironic semiotics cornhole forage. Skateboard aesthetic synth leggings Banksy. Shabby chic PBR plaid helvetica dreamcatcher tousled, irony ethnic Tonx sustainable before they sold out McSweeney\'s. Hoodie Banksy freegan bicycle rights, aesthetic try-hard fap ethnic deep v fixie. Before they sold out +1 ugh, Bushwick Wes Anderson cred Marfa synth butcher jean shorts Terry Richardson.\"}]', 20, 1, '2021-02-16 13:30:31'),
(126, 8, 'SSR и предварительный рендеринг', 'Как улучшить SEO SPA на Vue.js', '[{\"type\":\"text\",\"value\":\"Ennui Williamsburg Echo Park pork belly, hella flannel single-origin coffee. Bicycle rights artisan beard Neutra cardigan Echo Park. Shoreditch flannel tote bag pug jean shorts post-ironic semiotics cornhole forage. Skateboard aesthetic synth leggings Banksy. Shabby chic PBR plaid helvetica dreamcatcher tousled, irony ethnic Tonx sustainable before they sold out McSweeney\'s. Hoodie Banksy freegan bicycle rights, aesthetic try-hard fap ethnic deep v fixie. Before they sold out +1 ugh, Bushwick Wes Anderson cred Marfa synth butcher jean shorts Terry Richardson.<br>\\r\\n<br>\\r\\nEnnui Williamsburg Echo Park pork belly, hella flannel single-origin coffee. Bicycle rights artisan beard Neutra cardigan Echo Park. Shoreditch flannel tote bag pug jean shorts post-ironic semiotics cornhole forage. Skateboard aesthetic synth leggings Banksy. Shabby chic PBR plaid helvetica dreamcatcher tousled, irony ethnic Tonx sustainable before they sold out McSweeney\'s. Hoodie Banksy freegan bicycle rights, aesthetic try-hard fap ethnic deep v fixie. Before they sold out +1 ugh, Bushwick Wes Anderson cred Marfa synth butcher jean shorts Terry Richardson.<br>\\r\\nEnnui Williamsburg Echo Park pork belly, hella flannel single-origin coffee. Bicycle rights artisan beard Neutra cardigan Echo Park. Shoreditch flannel tote bag pug jean shorts post-ironic semiotics cornhole forage. Skateboard aesthetic synth leggings Banksy. Shabby chic PBR plaid helvetica dreamcatcher tousled, irony ethnic Tonx sustainable before they sold out McSweeney\'s. Hoodie Banksy freegan bicycle rights, aesthetic try-hard fap ethnic deep v fixie. Before they sold out +1 ugh, Bushwick Wes Anderson cred Marfa synth butcher jean shorts Terry Richardson.<br>\\r\\n<br>\\r\\n<br>\\r\\nEnnui Williamsburg Echo Park pork belly, hella flannel single-origin coffee. Bicycle rights artisan beard Neutra cardigan Echo Park. Shoreditch flannel tote bag pug jean shorts post-ironic semiotics cornhole forage. Skateboard aesthetic synth leggings Banksy. Shabby chic PBR plaid helvetica dreamcatcher tousled, irony ethnic Tonx sustainable before they sold out McSweeney\'s. Hoodie Banksy freegan bicycle rights, aesthetic try-hard fap ethnic deep v fixie. Before they sold out +1 ugh, Bushwick Wes Anderson cred Marfa synth butcher jean shorts Terry Richardson.<br>\\r\\nEnnui Williamsburg Echo Park pork belly, hella flannel single-origin coffee. Bicycle rights artisan beard Neutra cardigan Echo Park. Shoreditch flannel tote bag pug jean shorts post-ironic semiotics cornhole forage. Skateboard aesthetic synth leggings Banksy. Shabby chic PBR plaid helvetica dreamcatcher tousled, irony ethnic Tonx sustainable before they sold out McSweeney\'s. Hoodie Banksy freegan bicycle rights, aesthetic try-hard fap ethnic deep v fixie. Before they sold out +1 ugh, Bushwick Wes Anderson cred Marfa synth butcher jean shorts Terry Richardson.\"},{\"type\":\"img\",\"value\":[\"602bca58bb5e1_logo.png\"]}]', 20, 1, '2021-02-16 13:36:24'),
(127, 36, 'Первая работа в IT', 'Как трудоустроиться начинающему специалисту', '[{\"type\":\"text\",\"value\":\"Ennui Williamsburg Echo Park pork belly, hella flannel single-origin coffee. Bicycle rights artisan beard Neutra cardigan Echo Park. Shoreditch flannel tote bag pug jean shorts post-ironic semiotics cornhole forage. Skateboard aesthetic synth leggings Banksy. Shabby chic PBR plaid helvetica dreamcatcher tousled, irony ethnic Tonx sustainable before they sold out McSweeney\'s. Hoodie Banksy freegan bicycle rights, aesthetic try-hard fap ethnic deep v fixie. Before they sold out +1 ugh, Bushwick Wes Anderson cred Marfa synth butcher jean shorts Terry Richardson.<br>\\r\\n<br>\\r\\nEnnui Williamsburg Echo Park pork belly, hella flannel single-origin coffee. Bicycle rights artisan beard Neutra cardigan Echo Park. Shoreditch flannel tote bag pug jean shorts post-ironic semiotics cornhole forage. Skateboard aesthetic synth leggings Banksy. Shabby chic PBR plaid helvetica dreamcatcher tousled, irony ethnic Tonx sustainable before they sold out McSweeney\'s. Hoodie Banksy freegan bicycle rights, aesthetic try-hard fap ethnic deep v fixie. Before they sold out +1 ugh, Bushwick Wes Anderson cred Marfa synth butcher jean shorts Terry Richardson.<br>\\r\\n<br>\\r\\nEnnui Williamsburg Echo Park pork belly, hella flannel single-origin coffee. Bicycle rights artisan beard Neutra cardigan Echo Park. Shoreditch flannel tote bag pug jean shorts post-ironic semiotics cornhole forage. Skateboard aesthetic synth leggings Banksy. Shabby chic PBR plaid helvetica dreamcatcher tousled, irony ethnic Tonx sustainable before they sold out McSweeney\'s. Hoodie Banksy freegan bicycle rights, aesthetic try-hard fap ethnic deep v fixie. Before they sold out +1 ugh, Bushwick Wes Anderson cred Marfa synth butcher jean shorts Terry Richardson.<br>\\r\\n<br>\\r\\nEnnui Williamsburg Echo Park pork belly, hella flannel single-origin coffee. Bicycle rights artisan beard Neutra cardigan Echo Park. Shoreditch flannel tote bag pug jean shorts post-ironic semiotics cornhole forage. Skateboard aesthetic synth leggings Banksy. Shabby chic PBR plaid helvetica dreamcatcher tousled, irony ethnic Tonx sustainable before they sold out McSweeney\'s. Hoodie Banksy freegan bicycle rights, aesthetic try-hard fap ethnic deep v fixie. Before they sold out +1 ugh, Bushwick Wes Anderson cred Marfa synth butcher jean shorts Terry Richardson.\"},{\"type\":\"img\",\"value\":[\"602bcc810d049_cr.jpg\"]},{\"type\":\"text\",\"value\":\"Ennui Williamsburg Echo Park pork belly, hella flannel single-origin coffee. Bicycle rights artisan beard Neutra cardigan Echo Park. Shoreditch flannel tote bag pug jean shorts post-ironic semiotics cornhole forage. Skateboard aesthetic synth leggings Banksy. Shabby chic PBR plaid helvetica dreamcatcher tousled, irony ethnic Tonx sustainable before they sold out McSweeney\'s. Hoodie Banksy freegan bicycle rights, aesthetic try-hard fap ethnic deep v fixie. Before they sold out +1 ugh, Bushwick Wes Anderson cred Marfa synth butcher jean shorts Terry Richardson.\"}]', 21, 0, '2021-02-16 13:45:37'),
(128, 23, 'Что нужно знать каждому программисту', 'Информатика - это основа', '[{\"type\":\"text\",\"value\":\"Ennui Williamsburg Echo Park pork belly, hella flannel single-origin coffee. Bicycle rights artisan beard Neutra cardigan Echo Park. Shoreditch flannel tote bag pug jean shorts post-ironic semiotics cornhole forage. Skateboard aesthetic synth leggings Banksy. Shabby chic PBR plaid helvetica dreamcatcher tousled, irony ethnic Tonx sustainable before they sold out McSweeney\'s. Hoodie Banksy freegan bicycle rights, aesthetic try-hard fap ethnic deep v fixie. Before they sold out +1 ugh, Bushwick Wes Anderson cred Marfa synth butcher jean shorts Terry Richardson.<br>\\r\\n<br>\\r\\nEnnui Williamsburg Echo Park pork belly, hella flannel single-origin coffee. Bicycle rights artisan beard Neutra cardigan Echo Park. Shoreditch flannel tote bag pug jean shorts post-ironic semiotics cornhole forage. Skateboard aesthetic synth leggings Banksy. Shabby chic PBR plaid helvetica dreamcatcher tousled, irony ethnic Tonx sustainable before they sold out McSweeney\'s. Hoodie Banksy freegan bicycle rights, aesthetic try-hard fap ethnic deep v fixie. Before they sold out +1 ugh, Bushwick Wes Anderson cred Marfa synth butcher jean shorts Terry Richardson.<br>\\r\\nEnnui Williamsburg Echo Park pork belly, hella flannel single-origin coffee. Bicycle rights artisan beard Neutra cardigan Echo Park. Shoreditch flannel tote bag pug jean shorts post-ironic semiotics cornhole forage. Skateboard aesthetic synth leggings Banksy. Shabby chic PBR plaid helvetica dreamcatcher tousled, irony ethnic Tonx sustainable before they sold out McSweeney\'s. Hoodie Banksy freegan bicycle rights, aesthetic try-hard fap ethnic deep v fixie. Before they sold out +1 ugh, Bushwick Wes Anderson cred Marfa synth butcher jean shorts Terry Richardson.<br>\\r\\nEnnui Williamsburg Echo Park pork belly, hella flannel single-origin coffee. Bicycle rights artisan beard Neutra cardigan Echo Park. Shoreditch flannel tote bag pug jean shorts post-ironic semiotics cornhole forage. Skateboard aesthetic synth leggings Banksy. Shabby chic PBR plaid helvetica dreamcatcher tousled, irony ethnic Tonx sustainable before they sold out McSweeney\'s. Hoodie Banksy freegan bicycle rights, aesthetic try-hard fap ethnic deep v fixie. Before they sold out +1 ugh, Bushwick Wes Anderson cred Marfa synth butcher jean shorts Terry Richardson.<br>\\r\\nEnnui Williamsburg Echo Park pork belly, hella flannel single-origin coffee. Bicycle rights artisan beard Neutra cardigan Echo Park. Shoreditch flannel tote bag pug jean shorts post-ironic semiotics cornhole forage. Skateboard aesthetic synth leggings Banksy. Shabby chic PBR plaid helvetica dreamcatcher tousled, irony ethnic Tonx sustainable before they sold out McSweeney\'s. Hoodie Banksy freegan bicycle rights, aesthetic try-hard fap ethnic deep v fixie. Before they sold out +1 ugh, Bushwick Wes Anderson cred Marfa synth butcher jean shorts Terry Richardson.\"}]', 21, 1, '2021-02-16 13:47:29'),
(129, 22, 'Адаптивное меню', 'Решение проблемы с переполнением', '[{\"type\":\"text\",\"value\":\"Ennui Williamsburg Echo Park pork belly, hella flannel single-origin coffee. Bicycle rights artisan beard Neutra cardigan Echo Park. Shoreditch flannel tote bag pug jean shorts post-ironic semiotics cornhole forage. Skateboard aesthetic synth leggings Banksy. Shabby chic PBR plaid helvetica dreamcatcher tousled, irony ethnic Tonx sustainable before they sold out McSweeney\'s. Hoodie Banksy freegan bicycle rights, aesthetic try-hard fap ethnic deep v fixie. Before they sold out +1 ugh, Bushwick Wes Anderson cred Marfa synth butcher jean shorts Terry Richardson.<br>\\r\\n<br>\\r\\nEnnui Williamsburg Echo Park pork belly, hella flannel single-origin coffee. Bicycle rights artisan beard Neutra cardigan Echo Park. Shoreditch flannel tote bag pug jean shorts post-ironic semiotics cornhole forage. Skateboard aesthetic synth leggings Banksy. Shabby chic PBR plaid helvetica dreamcatcher tousled, irony ethnic Tonx sustainable before they sold out McSweeney\'s. Hoodie Banksy freegan bicycle rights, aesthetic try-hard fap ethnic deep v fixie. Before they sold out +1 ugh, Bushwick Wes Anderson cred Marfa synth butcher jean shorts Terry Richardson.<br>\\r\\nEnnui Williamsburg Echo Park pork belly, hella flannel single-origin coffee. Bicycle rights artisan beard Neutra cardigan Echo Park. Shoreditch flannel tote bag pug jean shorts post-ironic semiotics cornhole forage. Skateboard aesthetic synth leggings Banksy. Shabby chic PBR plaid helvetica dreamcatcher tousled, irony ethnic Tonx sustainable before they sold out McSweeney\'s. Hoodie Banksy freegan bicycle rights, aesthetic try-hard fap ethnic deep v fixie. Before they sold out +1 ugh, Bushwick Wes Anderson cred Marfa synth butcher jean shorts Terry Richardson.<br>\\r\\nEnnui Williamsburg Echo Park pork belly, hella flannel single-origin coffee. Bicycle rights artisan beard Neutra cardigan Echo Park. Shoreditch flannel tote bag pug jean shorts post-ironic semiotics cornhole forage. Skateboard aesthetic synth leggings Banksy. Shabby chic PBR plaid helvetica dreamcatcher tousled, irony ethnic Tonx sustainable before they sold out McSweeney\'s. Hoodie Banksy freegan bicycle rights, aesthetic try-hard fap ethnic deep v fixie. Before they sold out +1 ugh, Bushwick Wes Anderson cred Marfa synth butcher jean shorts Terry Richardson.<br>\\r\\n<br>\\r\\n<br>\\r\\nEnnui Williamsburg Echo Park pork belly, hella flannel single-origin coffee. Bicycle rights artisan beard Neutra cardigan Echo Park. Shoreditch flannel tote bag pug jean shorts post-ironic semiotics cornhole forage. Skateboard aesthetic synth leggings Banksy. Shabby chic PBR plaid helvetica dreamcatcher tousled, irony ethnic Tonx sustainable before they sold out McSweeney\'s. Hoodie Banksy freegan bicycle rights, aesthetic try-hard fap ethnic deep v fixie. Before they sold out +1 ugh, Bushwick Wes Anderson cred Marfa synth butcher jean shorts Terry Richardson.\"}]', 22, 1, '2021-02-16 13:51:05'),
(130, 26, 'Сервер Node.js для вашего приложения', 'Сравнение с Apache', '[{\"type\":\"text\",\"value\":\"Ennui Williamsburg Echo Park pork belly, hella flannel single-origin coffee. Bicycle rights artisan beard Neutra cardigan Echo Park. Shoreditch flannel tote bag pug jean shorts post-ironic semiotics cornhole forage. Skateboard aesthetic synth leggings Banksy. Shabby chic PBR plaid helvetica dreamcatcher tousled, irony ethnic Tonx sustainable before they sold out McSweeney\'s. Hoodie Banksy freegan bicycle rights, aesthetic try-hard fap ethnic deep v fixie. Before they sold out +1 ugh, Bushwick Wes Anderson cred Marfa synth butcher jean shorts Terry Richardson.<br>\\r\\n<br>\\r\\nEnnui Williamsburg Echo Park pork belly, hella flannel single-origin coffee. Bicycle rights artisan beard Neutra cardigan Echo Park. Shoreditch flannel tote bag pug jean shorts post-ironic semiotics cornhole forage. Skateboard aesthetic synth leggings Banksy. Shabby chic PBR plaid helvetica dreamcatcher tousled, irony ethnic Tonx sustainable before they sold out McSweeney\'s. Hoodie Banksy freegan bicycle rights, aesthetic try-hard fap ethnic deep v fixie. Before they sold out +1 ugh, Bushwick Wes Anderson cred Marfa synth butcher jean shorts Terry Richardson.<br>\\r\\n<br>\\r\\nEnnui Williamsburg Echo Park pork belly, hella flannel single-origin coffee. Bicycle rights artisan beard Neutra cardigan Echo Park. Shoreditch flannel tote bag pug jean shorts post-ironic semiotics cornhole forage. Skateboard aesthetic synth leggings Banksy. Shabby chic PBR plaid helvetica dreamcatcher tousled, irony ethnic Tonx sustainable before they sold out McSweeney\'s. Hoodie Banksy freegan bicycle rights, aesthetic try-hard fap ethnic deep v fixie. Before they sold out +1 ugh, Bushwick Wes Anderson cred Marfa synth butcher jean shorts Terry Richardson.<br>\\r\\n<br>\\r\\nEnnui Williamsburg Echo Park pork belly, hella flannel single-origin coffee. Bicycle rights artisan beard Neutra cardigan Echo Park. Shoreditch flannel tote bag pug jean shorts post-ironic semiotics cornhole forage. Skateboard aesthetic synth leggings Banksy. Shabby chic PBR plaid helvetica dreamcatcher tousled, irony ethnic Tonx sustainable before they sold out McSweeney\'s. Hoodie Banksy freegan bicycle rights, aesthetic try-hard fap ethnic deep v fixie. Before they sold out +1 ugh, Bushwick Wes Anderson cred Marfa synth butcher jean shorts Terry Richardson.\"}]', 22, 1, '2021-02-16 13:54:36'),
(131, 8, 'Vue.js - наш опыт использования', 'Как мы перешли на Vue', '[{\"type\":\"img\",\"value\":[\"602bcf57338be_vu.jpg\"]},{\"type\":\"text\",\"value\":\"Ennui Williamsburg Echo Park pork belly, hella flannel single-origin coffee. Bicycle rights artisan beard Neutra cardigan Echo Park. Shoreditch flannel tote bag pug jean shorts post-ironic semiotics cornhole forage. Skateboard aesthetic synth leggings Banksy. Shabby chic PBR plaid helvetica dreamcatcher tousled, irony ethnic Tonx sustainable before they sold out McSweeney\'s. Hoodie Banksy freegan bicycle rights, aesthetic try-hard fap ethnic deep v fixie. Before they sold out +1 ugh, Bushwick Wes Anderson cred Marfa synth butcher jean shorts Terry Richardson.<br>\\r\\n<br>\\r\\nEnnui Williamsburg Echo Park pork belly, hella flannel single-origin coffee. Bicycle rights artisan beard Neutra cardigan Echo Park. Shoreditch flannel tote bag pug jean shorts post-ironic semiotics cornhole forage. Skateboard aesthetic synth leggings Banksy. Shabby chic PBR plaid helvetica dreamcatcher tousled, irony ethnic Tonx sustainable before they sold out McSweeney\'s. Hoodie Banksy freegan bicycle rights, aesthetic try-hard fap ethnic deep v fixie. Before they sold out +1 ugh, Bushwick Wes Anderson cred Marfa synth butcher jean shorts Terry Richardson.<br>\\r\\nEnnui Williamsburg Echo Park pork belly, hella flannel single-origin coffee. Bicycle rights artisan beard Neutra cardigan Echo Park. Shoreditch flannel tote bag pug jean shorts post-ironic semiotics cornhole forage. Skateboard aesthetic synth leggings Banksy. Shabby chic PBR plaid helvetica dreamcatcher tousled, irony ethnic Tonx sustainable before they sold out McSweeney\'s. Hoodie Banksy freegan bicycle rights, aesthetic try-hard fap ethnic deep v fixie. Before they sold out +1 ugh, Bushwick Wes Anderson cred Marfa synth butcher jean shorts Terry Richardson.<br>\\r\\n<br>\\r\\nEnnui Williamsburg Echo Park pork belly, hella flannel single-origin coffee. Bicycle rights artisan beard Neutra cardigan Echo Park. Shoreditch flannel tote bag pug jean shorts post-ironic semiotics cornhole forage. Skateboard aesthetic synth leggings Banksy. Shabby chic PBR plaid helvetica dreamcatcher tousled, irony ethnic Tonx sustainable before they sold out McSweeney\'s. Hoodie Banksy freegan bicycle rights, aesthetic try-hard fap ethnic deep v fixie. Before they sold out +1 ugh, Bushwick Wes Anderson cred Marfa synth butcher jean shorts Terry Richardson.<br>\\r\\n<br>\\r\\nEnnui Williamsburg Echo Park pork belly, hella flannel single-origin coffee. Bicycle rights artisan beard Neutra cardigan Echo Park. Shoreditch flannel tote bag pug jean shorts post-ironic semiotics cornhole forage. Skateboard aesthetic synth leggings Banksy. Shabby chic PBR plaid helvetica dreamcatcher tousled, irony ethnic Tonx sustainable before they sold out McSweeney\'s. Hoodie Banksy freegan bicycle rights, aesthetic try-hard fap ethnic deep v fixie. Before they sold out +1 ugh, Bushwick Wes Anderson cred Marfa synth butcher jean shorts Terry Richardson.\"}]', 22, 1, '2021-02-16 13:57:43'),
(132, 8, 'Deploy приложения на Vue.js', 'Как правильно разместить сайт на хостинге', '[{\"type\":\"text\",\"value\":\"Ennui Williamsburg Echo Park pork belly, hella flannel single-origin coffee. Bicycle rights artisan beard Neutra cardigan Echo Park. Shoreditch flannel tote bag pug jean shorts post-ironic semiotics cornhole forage. Skateboard aesthetic synth leggings Banksy. Shabby chic PBR plaid helvetica dreamcatcher tousled, irony ethnic Tonx sustainable before they sold out McSweeney\'s. Hoodie Banksy freegan bicycle rights, aesthetic try-hard fap ethnic deep v fixie. Before they sold out +1 ugh, Bushwick Wes Anderson cred Marfa synth butcher jean shorts Terry Richardson.<br>\\r\\n<br>\\r\\nEnnui Williamsburg Echo Park pork belly, hella flannel single-origin coffee. Bicycle rights artisan beard Neutra cardigan Echo Park. Shoreditch flannel tote bag pug jean shorts post-ironic semiotics cornhole forage. Skateboard aesthetic synth leggings Banksy. Shabby chic PBR plaid helvetica dreamcatcher tousled, irony ethnic Tonx sustainable before they sold out McSweeney\'s. Hoodie Banksy freegan bicycle rights, aesthetic try-hard fap ethnic deep v fixie. Before they sold out +1 ugh, Bushwick Wes Anderson cred Marfa synth butcher jean shorts Terry Richardson.<br>\\r\\n<br>\\r\\nEnnui Williamsburg Echo Park pork belly, hella flannel single-origin coffee. Bicycle rights artisan beard Neutra cardigan Echo Park. Shoreditch flannel tote bag pug jean shorts post-ironic semiotics cornhole forage. Skateboard aesthetic synth leggings Banksy. Shabby chic PBR plaid helvetica dreamcatcher tousled, irony ethnic Tonx sustainable before they sold out McSweeney\'s. Hoodie Banksy freegan bicycle rights, aesthetic try-hard fap ethnic deep v fixie. Before they sold out +1 ugh, Bushwick Wes Anderson cred Marfa synth butcher jean shorts Terry Richardson.<br>\\r\\n<br>\\r\\nEnnui Williamsburg Echo Park pork belly, hella flannel single-origin coffee. Bicycle rights artisan beard Neutra cardigan Echo Park. Shoreditch flannel tote bag pug jean shorts post-ironic semiotics cornhole forage. Skateboard aesthetic synth leggings Banksy. Shabby chic PBR plaid helvetica dreamcatcher tousled, irony ethnic Tonx sustainable before they sold out McSweeney\'s. Hoodie Banksy freegan bicycle rights, aesthetic try-hard fap ethnic deep v fixie. Before they sold out +1 ugh, Bushwick Wes Anderson cred Marfa synth butcher jean shorts Terry Richardson.\"}]', 22, 1, '2021-02-16 14:00:07'),
(133, 22, 'Препроцесоры VS чистая верстка', 'Разбираем все особенности', '[{\"type\":\"text\",\"value\":\"Ennui Williamsburg Echo Park pork belly, hella flannel single-origin coffee. Bicycle rights artisan beard Neutra cardigan Echo Park. Shoreditch flannel tote bag pug jean shorts post-ironic semiotics cornhole forage. Skateboard aesthetic synth leggings Banksy. Shabby chic PBR plaid helvetica dreamcatcher tousled, irony ethnic Tonx sustainable before they sold out McSweeney\'s. Hoodie Banksy freegan bicycle rights, aesthetic try-hard fap ethnic deep v fixie. Before they sold out +1 ugh, Bushwick Wes Anderson cred Marfa synth butcher jean shorts Terry Richardson.<br>\\r\\n<br>\\r\\nEnnui Williamsburg Echo Park pork belly, hella flannel single-origin coffee. Bicycle rights artisan beard Neutra cardigan Echo Park. Shoreditch flannel tote bag pug jean shorts post-ironic semiotics cornhole forage. Skateboard aesthetic synth leggings Banksy. Shabby chic PBR plaid helvetica dreamcatcher tousled, irony ethnic Tonx sustainable before they sold out McSweeney\'s. Hoodie Banksy freegan bicycle rights, aesthetic try-hard fap ethnic deep v fixie. Before they sold out +1 ugh, Bushwick Wes Anderson cred Marfa synth butcher jean shorts Terry Richardson.<br>\\r\\n<br>\\r\\nEnnui Williamsburg Echo Park pork belly, hella flannel single-origin coffee. Bicycle rights artisan beard Neutra cardigan Echo Park. Shoreditch flannel tote bag pug jean shorts post-ironic semiotics cornhole forage. Skateboard aesthetic synth leggings Banksy. Shabby chic PBR plaid helvetica dreamcatcher tousled, irony ethnic Tonx sustainable before they sold out McSweeney\'s. Hoodie Banksy freegan bicycle rights, aesthetic try-hard fap ethnic deep v fixie. Before they sold out +1 ugh, Bushwick Wes Anderson cred Marfa synth butcher jean shorts Terry Richardson.<br>\\r\\n<br>\\r\\nEnnui Williamsburg Echo Park pork belly, hella flannel single-origin coffee. Bicycle rights artisan beard Neutra cardigan Echo Park. Shoreditch flannel tote bag pug jean shorts post-ironic semiotics cornhole forage. Skateboard aesthetic synth leggings Banksy. Shabby chic PBR plaid helvetica dreamcatcher tousled, irony ethnic Tonx sustainable before they sold out McSweeney\'s. Hoodie Banksy freegan bicycle rights, aesthetic try-hard fap ethnic deep v fixie. Before they sold out +1 ugh, Bushwick Wes Anderson cred Marfa synth butcher jean shorts Terry Richardson.<br>\\r\\n<br>\\r\\nEnnui Williamsburg Echo Park pork belly, hella flannel single-origin coffee. Bicycle rights artisan beard Neutra cardigan Echo Park. Shoreditch flannel tote bag pug jean shorts post-ironic semiotics cornhole forage. Skateboard aesthetic synth leggings Banksy. Shabby chic PBR plaid helvetica dreamcatcher tousled, irony ethnic Tonx sustainable before they sold out McSweeney\'s. Hoodie Banksy freegan bicycle rights, aesthetic try-hard fap ethnic deep v fixie. Before they sold out +1 ugh, Bushwick Wes Anderson cred Marfa synth butcher jean shorts Terry Richardson.\"}]', 22, 1, '2021-02-16 14:01:51'),
(134, 22, 'Webpack + Gulp', 'Как использовать совместно две системы сборки', '[{\"type\":\"text\",\"value\":\"Ennui Williamsburg Echo Park pork belly, hella flannel single-origin coffee. Bicycle rights artisan beard Neutra cardigan Echo Park. Shoreditch flannel tote bag pug jean shorts post-ironic semiotics cornhole forage. Skateboard aesthetic synth leggings Banksy. Shabby chic PBR plaid helvetica dreamcatcher tousled, irony ethnic Tonx sustainable before they sold out McSweeney\'s. Hoodie Banksy freegan bicycle rights, aesthetic try-hard fap ethnic deep v fixie. Before they sold out +1 ugh, Bushwick Wes Anderson cred Marfa synth butcher jean shorts Terry Richardson.<br>\\r\\n<br>\\r\\nEnnui Williamsburg Echo Park pork belly, hella flannel single-origin coffee. Bicycle rights artisan beard Neutra cardigan Echo Park. Shoreditch flannel tote bag pug jean shorts post-ironic semiotics cornhole forage. Skateboard aesthetic synth leggings Banksy. Shabby chic PBR plaid helvetica dreamcatcher tousled, irony ethnic Tonx sustainable before they sold out McSweeney\'s. Hoodie Banksy freegan bicycle rights, aesthetic try-hard fap ethnic deep v fixie. Before they sold out +1 ugh, Bushwick Wes Anderson cred Marfa synth butcher jean shorts Terry Richardson.<br>\\r\\n<br>\\r\\nEnnui Williamsburg Echo Park pork belly, hella flannel single-origin coffee. Bicycle rights artisan beard Neutra cardigan Echo Park. Shoreditch flannel tote bag pug jean shorts post-ironic semiotics cornhole forage. Skateboard aesthetic synth leggings Banksy. Shabby chic PBR plaid helvetica dreamcatcher tousled, irony ethnic Tonx sustainable before they sold out McSweeney\'s. Hoodie Banksy freegan bicycle rights, aesthetic try-hard fap ethnic deep v fixie. Before they sold out +1 ugh, Bushwick Wes Anderson cred Marfa synth butcher jean shorts Terry Richardson.<br>\\r\\n<br>\\r\\nEnnui Williamsburg Echo Park pork belly, hella flannel single-origin coffee. Bicycle rights artisan beard Neutra cardigan Echo Park. Shoreditch flannel tote bag pug jean shorts post-ironic semiotics cornhole forage. Skateboard aesthetic synth leggings Banksy. Shabby chic PBR plaid helvetica dreamcatcher tousled, irony ethnic Tonx sustainable before they sold out McSweeney\'s. Hoodie Banksy freegan bicycle rights, aesthetic try-hard fap ethnic deep v fixie. Before they sold out +1 ugh, Bushwick Wes Anderson cred Marfa synth butcher jean shorts Terry Richardson.<br>\\r\\n<br>\\r\\nEnnui Williamsburg Echo Park pork belly, hella flannel single-origin coffee. Bicycle rights artisan beard Neutra cardigan Echo Park. Shoreditch flannel tote bag pug jean shorts post-ironic semiotics cornhole forage. Skateboard aesthetic synth leggings Banksy. Shabby chic PBR plaid helvetica dreamcatcher tousled, irony ethnic Tonx sustainable before they sold out McSweeney\'s. Hoodie Banksy freegan bicycle rights, aesthetic try-hard fap ethnic deep v fixie. Before they sold out +1 ugh, Bushwick Wes Anderson cred Marfa synth butcher jean shorts Terry Richardson.\"}]', 22, 1, '2021-02-16 14:03:46'),
(135, 2, 'Раннее и позднее статическое связывание', 'Понятно и простыми словами', '[{\"type\":\"text\",\"value\":\"Ennui Williamsburg Echo Park pork belly, hella flannel single-origin coffee. Bicycle rights artisan beard Neutra cardigan Echo Park. Shoreditch flannel tote bag pug jean shorts post-ironic semiotics cornhole forage. Skateboard aesthetic synth leggings Banksy. Shabby chic PBR plaid helvetica dreamcatcher tousled, irony ethnic Tonx sustainable before they sold out McSweeney\'s. Hoodie Banksy freegan bicycle rights, aesthetic try-hard fap ethnic deep v fixie. Before they sold out +1 ugh, Bushwick Wes Anderson cred Marfa synth butcher jean shorts Terry Richardson.<br>\\r\\n<br>\\r\\nEnnui Williamsburg Echo Park pork belly, hella flannel single-origin coffee. Bicycle rights artisan beard Neutra cardigan Echo Park. Shoreditch flannel tote bag pug jean shorts post-ironic semiotics cornhole forage. Skateboard aesthetic synth leggings Banksy. Shabby chic PBR plaid helvetica dreamcatcher tousled, irony ethnic Tonx sustainable before they sold out McSweeney\'s. Hoodie Banksy freegan bicycle rights, aesthetic try-hard fap ethnic deep v fixie. Before they sold out +1 ugh, Bushwick Wes Anderson cred Marfa synth butcher jean shorts Terry Richardson.\"}]', 23, 1, '2021-02-16 14:06:30'),
(136, 1, 'Отправка данных на сервер', 'AJAX, Fetch, XMLhttpRequest и популярные библиотеки', '[{\"type\":\"text\",\"value\":\"Ennui Williamsburg Echo Park pork belly, hella flannel single-origin coffee. Bicycle rights artisan beard Neutra cardigan Echo Park. Shoreditch flannel tote bag pug jean shorts post-ironic semiotics cornhole forage. Skateboard aesthetic synth leggings Banksy. Shabby chic PBR plaid helvetica dreamcatcher tousled, irony ethnic Tonx sustainable before they sold out McSweeney\'s. Hoodie Banksy freegan bicycle rights, aesthetic try-hard fap ethnic deep v fixie. Before they sold out +1 ugh, Bushwick Wes Anderson cred Marfa synth butcher jean shorts Terry Richardson.<br>\\r\\n<br>\\r\\nEnnui Williamsburg Echo Park pork belly, hella flannel single-origin coffee. Bicycle rights artisan beard Neutra cardigan Echo Park. Shoreditch flannel tote bag pug jean shorts post-ironic semiotics cornhole forage. Skateboard aesthetic synth leggings Banksy. Shabby chic PBR plaid helvetica dreamcatcher tousled, irony ethnic Tonx sustainable before they sold out McSweeney\'s. Hoodie Banksy freegan bicycle rights, aesthetic try-hard fap ethnic deep v fixie. Before they sold out +1 ugh, Bushwick Wes Anderson cred Marfa synth butcher jean shorts Terry Richardson.<br>\\r\\n<br>\\r\\nEnnui Williamsburg Echo Park pork belly, hella flannel single-origin coffee. Bicycle rights artisan beard Neutra cardigan Echo Park. Shoreditch flannel tote bag pug jean shorts post-ironic semiotics cornhole forage. Skateboard aesthetic synth leggings Banksy. Shabby chic PBR plaid helvetica dreamcatcher tousled, irony ethnic Tonx sustainable before they sold out McSweeney\'s. Hoodie Banksy freegan bicycle rights, aesthetic try-hard fap ethnic deep v fixie. Before they sold out +1 ugh, Bushwick Wes Anderson cred Marfa synth butcher jean shorts Terry Richardson.<br>\\r\\n<br>\\r\\nEnnui Williamsburg Echo Park pork belly, hella flannel single-origin coffee. Bicycle rights artisan beard Neutra cardigan Echo Park. Shoreditch flannel tote bag pug jean shorts post-ironic semiotics cornhole forage. Skateboard aesthetic synth leggings Banksy. Shabby chic PBR plaid helvetica dreamcatcher tousled, irony ethnic Tonx sustainable before they sold out McSweeney\'s. Hoodie Banksy freegan bicycle rights, aesthetic try-hard fap ethnic deep v fixie. Before they sold out +1 ugh, Bushwick Wes Anderson cred Marfa synth butcher jean shorts Terry Richardson.<br>\\r\\n<br>\\r\\nEnnui Williamsburg Echo Park pork belly, hella flannel single-origin coffee. Bicycle rights artisan beard Neutra cardigan Echo Park. Shoreditch flannel tote bag pug jean shorts post-ironic semiotics cornhole forage. Skateboard aesthetic synth leggings Banksy. Shabby chic PBR plaid helvetica dreamcatcher tousled, irony ethnic Tonx sustainable before they sold out McSweeney\'s. Hoodie Banksy freegan bicycle rights, aesthetic try-hard fap ethnic deep v fixie. Before they sold out +1 ugh, Bushwick Wes Anderson cred Marfa synth butcher jean shorts Terry Richardson.\"}]', 23, 1, '2021-02-16 14:08:26'),
(137, 22, 'Слайдер на ООП', 'Простой адаптивный слайдер фотографий', '[{\"type\":\"text\",\"value\":\"Ennui Williamsburg Echo Park pork belly, hella flannel single-origin coffee. Bicycle rights artisan beard Neutra cardigan Echo Park. Shoreditch flannel tote bag pug jean shorts post-ironic semiotics cornhole forage. Skateboard aesthetic synth leggings Banksy. Shabby chic PBR plaid helvetica dreamcatcher tousled, irony ethnic Tonx sustainable before they sold out McSweeney\'s. Hoodie Banksy freegan bicycle rights, aesthetic try-hard fap ethnic deep v fixie. Before they sold out +1 ugh, Bushwick Wes Anderson cred Marfa synth butcher jean shorts Terry Richardson.<br>\\r\\n<br>\\r\\nEnnui Williamsburg Echo Park pork belly, hella flannel single-origin coffee. Bicycle rights artisan beard Neutra cardigan Echo Park. Shoreditch flannel tote bag pug jean shorts post-ironic semiotics cornhole forage. Skateboard aesthetic synth leggings Banksy. Shabby chic PBR plaid helvetica dreamcatcher tousled, irony ethnic Tonx sustainable before they sold out McSweeney\'s. Hoodie Banksy freegan bicycle rights, aesthetic try-hard fap ethnic deep v fixie. Before they sold out +1 ugh, Bushwick Wes Anderson cred Marfa synth butcher jean shorts Terry Richardson.\"}]', 23, 1, '2021-02-16 14:10:23'),
(138, 23, 'Лучшие книги по Computer Science', 'Подборка книг которая позволит значительно прокачать свои знания', '[{\"type\":\"text\",\"value\":\"Ennui Williamsburg Echo Park pork belly, hella flannel single-origin coffee. Bicycle rights artisan beard Neutra cardigan Echo Park. Shoreditch flannel tote bag pug jean shorts post-ironic semiotics cornhole forage. Skateboard aesthetic synth leggings Banksy. Shabby chic PBR plaid helvetica dreamcatcher tousled, irony ethnic Tonx sustainable before they sold out McSweeney\'s. Hoodie Banksy freegan bicycle rights, aesthetic try-hard fap ethnic deep v fixie. Before they sold out +1 ugh, Bushwick Wes Anderson cred Marfa synth butcher jean shorts Terry Richardson.<br>\\r\\n<br>\\r\\nEnnui Williamsburg Echo Park pork belly, hella flannel single-origin coffee. Bicycle rights artisan beard Neutra cardigan Echo Park. Shoreditch flannel tote bag pug jean shorts post-ironic semiotics cornhole forage. Skateboard aesthetic synth leggings Banksy. Shabby chic PBR plaid helvetica dreamcatcher tousled, irony ethnic Tonx sustainable before they sold out McSweeney\'s. Hoodie Banksy freegan bicycle rights, aesthetic try-hard fap ethnic deep v fixie. Before they sold out +1 ugh, Bushwick Wes Anderson cred Marfa synth butcher jean shorts Terry Richardson.\"}]', 23, 1, '2021-02-16 14:12:35'),
(139, 36, 'Hard-scills и Soft-scills', 'Какими навыками и умениями должен обладать любой специалист', '[{\"type\":\"text\",\"value\":\"Ennui Williamsburg Echo Park pork belly, hella flannel single-origin coffee. Bicycle rights artisan beard Neutra cardigan Echo Park. Shoreditch flannel tote bag pug jean shorts post-ironic semiotics cornhole forage. Skateboard aesthetic synth leggings Banksy. Shabby chic PBR plaid helvetica dreamcatcher tousled, irony ethnic Tonx sustainable before they sold out McSweeney\'s. Hoodie Banksy freegan bicycle rights, aesthetic try-hard fap ethnic deep v fixie. Before they sold out +1 ugh, Bushwick Wes Anderson cred Marfa synth butcher jean shorts Terry Richardson.<br>\\r\\n<br>\\r\\nEnnui Williamsburg Echo Park pork belly, hella flannel single-origin coffee. Bicycle rights artisan beard Neutra cardigan Echo Park. Shoreditch flannel tote bag pug jean shorts post-ironic semiotics cornhole forage. Skateboard aesthetic synth leggings Banksy. Shabby chic PBR plaid helvetica dreamcatcher tousled, irony ethnic Tonx sustainable before they sold out McSweeney\'s. Hoodie Banksy freegan bicycle rights, aesthetic try-hard fap ethnic deep v fixie. Before they sold out +1 ugh, Bushwick Wes Anderson cred Marfa synth butcher jean shorts Terry Richardson.<br>\\r\\n<br>\\r\\nEnnui Williamsburg Echo Park pork belly, hella flannel single-origin coffee. Bicycle rights artisan beard Neutra cardigan Echo Park. Shoreditch flannel tote bag pug jean shorts post-ironic semiotics cornhole forage. Skateboard aesthetic synth leggings Banksy. Shabby chic PBR plaid helvetica dreamcatcher tousled, irony ethnic Tonx sustainable before they sold out McSweeney\'s. Hoodie Banksy freegan bicycle rights, aesthetic try-hard fap ethnic deep v fixie. Before they sold out +1 ugh, Bushwick Wes Anderson cred Marfa synth butcher jean shorts Terry Richardson.<br>\\r\\n<br>\\r\\nEnnui Williamsburg Echo Park pork belly, hella flannel single-origin coffee. Bicycle rights artisan beard Neutra cardigan Echo Park. Shoreditch flannel tote bag pug jean shorts post-ironic semiotics cornhole forage. Skateboard aesthetic synth leggings Banksy. Shabby chic PBR plaid helvetica dreamcatcher tousled, irony ethnic Tonx sustainable before they sold out McSweeney\'s. Hoodie Banksy freegan bicycle rights, aesthetic try-hard fap ethnic deep v fixie. Before they sold out +1 ugh, Bushwick Wes Anderson cred Marfa synth butcher jean shorts Terry Richardson.<br>\\r\\n<br>\\r\\nEnnui Williamsburg Echo Park pork belly, hella flannel single-origin coffee. Bicycle rights artisan beard Neutra cardigan Echo Park. Shoreditch flannel tote bag pug jean shorts post-ironic semiotics cornhole forage. Skateboard aesthetic synth leggings Banksy. Shabby chic PBR plaid helvetica dreamcatcher tousled, irony ethnic Tonx sustainable before they sold out McSweeney\'s. Hoodie Banksy freegan bicycle rights, aesthetic try-hard fap ethnic deep v fixie. Before they sold out +1 ugh, Bushwick Wes Anderson cred Marfa synth butcher jean shorts Terry Richardson.<br>\\r\\n<br>\\r\\nEnnui Williamsburg Echo Park pork belly, hella flannel single-origin coffee. Bicycle rights artisan beard Neutra cardigan Echo Park. Shoreditch flannel tote bag pug jean shorts post-ironic semiotics cornhole forage. Skateboard aesthetic synth leggings Banksy. Shabby chic PBR plaid helvetica dreamcatcher tousled, irony ethnic Tonx sustainable before they sold out McSweeney\'s. Hoodie Banksy freegan bicycle rights, aesthetic try-hard fap ethnic deep v fixie. Before they sold out +1 ugh, Bushwick Wes Anderson cred Marfa synth butcher jean shorts Terry Richardson.<br>\\r\\n<br>\\r\\nEnnui Williamsburg Echo Park pork belly, hella flannel single-origin coffee. Bicycle rights artisan beard Neutra cardigan Echo Park. Shoreditch flannel tote bag pug jean shorts post-ironic semiotics cornhole forage. Skateboard aesthetic synth leggings Banksy. Shabby chic PBR plaid helvetica dreamcatcher tousled, irony ethnic Tonx sustainable before they sold out McSweeney\'s. Hoodie Banksy freegan bicycle rights, aesthetic try-hard fap ethnic deep v fixie. Before they sold out +1 ugh, Bushwick Wes Anderson cred Marfa synth butcher jean shorts Terry Richardson.<br>\\r\\n<br>\\r\\nEnnui Williamsburg Echo Park pork belly, hella flannel single-origin coffee. Bicycle rights artisan beard Neutra cardigan Echo Park. Shoreditch flannel tote bag pug jean shorts post-ironic semiotics cornhole forage. Skateboard aesthetic synth leggings Banksy. Shabby chic PBR plaid helvetica dreamcatcher tousled, irony ethnic Tonx sustainable before they sold out McSweeney\'s. Hoodie Banksy freegan bicycle rights, aesthetic try-hard fap ethnic deep v fixie. Before they sold out +1 ugh, Bushwick Wes Anderson cred Marfa synth butcher jean shorts Terry Richardson.<br>\\r\\n<br>\\r\\nEnnui Williamsburg Echo Park pork belly, hella flannel single-origin coffee. Bicycle rights artisan beard Neutra cardigan Echo Park. Shoreditch flannel tote bag pug jean shorts post-ironic semiotics cornhole forage. Skateboard aesthetic synth leggings Banksy. Shabby chic PBR plaid helvetica dreamcatcher tousled, irony ethnic Tonx sustainable before they sold out McSweeney\'s. Hoodie Banksy freegan bicycle rights, aesthetic try-hard fap ethnic deep v fixie. Before they sold out +1 ugh, Bushwick Wes Anderson cred Marfa synth butcher jean shorts Terry Richardson.\"}]', 23, 1, '2021-02-16 14:14:55'),
(140, 29, 'Laravel и Vue.js', 'Идеи и нормальная разработка', '[{\"type\":\"text\",\"value\":\"Ennui Williamsburg Echo Park pork belly, hella flannel single-origin coffee. Bicycle rights artisan beard Neutra cardigan Echo Park. Shoreditch flannel tote bag pug jean shorts post-ironic semiotics cornhole forage. Skateboard aesthetic synth leggings Banksy. Shabby chic PBR plaid helvetica dreamcatcher tousled, irony ethnic Tonx sustainable before they sold out McSweeney\'s. Hoodie Banksy freegan bicycle rights, aesthetic try-hard fap ethnic deep v fixie. Before they sold out +1 ugh, Bushwick Wes Anderson cred Marfa synth butcher jean shorts Terry Richardson.<br>\\r\\n<br>\\r\\nEnnui Williamsburg Echo Park pork belly, hella flannel single-origin coffee. Bicycle rights artisan beard Neutra cardigan Echo Park. Shoreditch flannel tote bag pug jean shorts post-ironic semiotics cornhole forage. Skateboard aesthetic synth leggings Banksy. Shabby chic PBR plaid helvetica dreamcatcher tousled, irony ethnic Tonx sustainable before they sold out McSweeney\'s. Hoodie Banksy freegan bicycle rights, aesthetic try-hard fap ethnic deep v fixie. Before they sold out +1 ugh, Bushwick Wes Anderson cred Marfa synth butcher jean shorts Terry Richardson.<br>\\r\\n<br>\\r\\nEnnui Williamsburg Echo Park pork belly, hella flannel single-origin coffee. Bicycle rights artisan beard Neutra cardigan Echo Park. Shoreditch flannel tote bag pug jean shorts post-ironic semiotics cornhole forage. Skateboard aesthetic synth leggings Banksy. Shabby chic PBR plaid helvetica dreamcatcher tousled, irony ethnic Tonx sustainable before they sold out McSweeney\'s. Hoodie Banksy freegan bicycle rights, aesthetic try-hard fap ethnic deep v fixie. Before they sold out +1 ugh, Bushwick Wes Anderson cred Marfa synth butcher jean shorts Terry Richardson.<br>\\r\\n<br>\\r\\nEnnui Williamsburg Echo Park pork belly, hella flannel single-origin coffee. Bicycle rights artisan beard Neutra cardigan Echo Park. Shoreditch flannel tote bag pug jean shorts post-ironic semiotics cornhole forage. Skateboard aesthetic synth leggings Banksy. Shabby chic PBR plaid helvetica dreamcatcher tousled, irony ethnic Tonx sustainable before they sold out McSweeney\'s. Hoodie Banksy freegan bicycle rights, aesthetic try-hard fap ethnic deep v fixie. Before they sold out +1 ugh, Bushwick Wes Anderson cred Marfa synth butcher jean shorts Terry Richardson.<br>\\r\\n<br>\\r\\nEnnui Williamsburg Echo Park pork belly, hella flannel single-origin coffee. Bicycle rights artisan beard Neutra cardigan Echo Park. Shoreditch flannel tote bag pug jean shorts post-ironic semiotics cornhole forage. Skateboard aesthetic synth leggings Banksy. Shabby chic PBR plaid helvetica dreamcatcher tousled, irony ethnic Tonx sustainable before they sold out McSweeney\'s. Hoodie Banksy freegan bicycle rights, aesthetic try-hard fap ethnic deep v fixie. Before they sold out +1 ugh, Bushwick Wes Anderson cred Marfa synth butcher jean shorts Terry Richardson.\"}]', 24, 1, '2021-02-16 14:18:23'),
(141, 10, 'Алгоритмы которые должен знать профессиональный разработчик', 'Поиск и сортировка', '[{\"type\":\"text\",\"value\":\"Ennui Williamsburg Echo Park pork belly, hella flannel single-origin coffee. Bicycle rights artisan beard Neutra cardigan Echo Park. Shoreditch flannel tote bag pug jean shorts post-ironic semiotics cornhole forage. Skateboard aesthetic synth leggings Banksy. Shabby chic PBR plaid helvetica dreamcatcher tousled, irony ethnic Tonx sustainable before they sold out McSweeney\'s. Hoodie Banksy freegan bicycle rights, aesthetic try-hard fap ethnic deep v fixie. Before they sold out +1 ugh, Bushwick Wes Anderson cred Marfa synth butcher jean shorts Terry Richardson.\"}]', 24, 1, '2021-02-16 14:20:44');
INSERT INTO `articles` (`id`, `rubric_id`, `title`, `subtitle`, `text`, `author`, `visibility`, `date_add`) VALUES
(142, 17, 'Паттерны применяемые в разработке веб-приложений', 'Детальное руководство', '[{\"type\":\"text\",\"value\":\"Ennui Williamsburg Echo Park pork belly, hella flannel single-origin coffee. Bicycle rights artisan beard Neutra cardigan Echo Park. Shoreditch flannel tote bag pug jean shorts post-ironic semiotics cornhole forage. Skateboard aesthetic synth leggings Banksy. Shabby chic PBR plaid helvetica dreamcatcher tousled, irony ethnic Tonx sustainable before they sold out McSweeney\'s. Hoodie Banksy freegan bicycle rights, aesthetic try-hard fap ethnic deep v fixie. Before they sold out +1 ugh, Bushwick Wes Anderson cred Marfa synth butcher jean shorts Terry Richardson.<br>\\r\\n<br>\\r\\nEnnui Williamsburg Echo Park pork belly, hella flannel single-origin coffee. Bicycle rights artisan beard Neutra cardigan Echo Park. Shoreditch flannel tote bag pug jean shorts post-ironic semiotics cornhole forage. Skateboard aesthetic synth leggings Banksy. Shabby chic PBR plaid helvetica dreamcatcher tousled, irony ethnic Tonx sustainable before they sold out McSweeney\'s. Hoodie Banksy freegan bicycle rights, aesthetic try-hard fap ethnic deep v fixie. Before they sold out +1 ugh, Bushwick Wes Anderson cred Marfa synth butcher jean shorts Terry Richardson.<br>\\r\\n<br>\\r\\nEnnui Williamsburg Echo Park pork belly, hella flannel single-origin coffee. Bicycle rights artisan beard Neutra cardigan Echo Park. Shoreditch flannel tote bag pug jean shorts post-ironic semiotics cornhole forage. Skateboard aesthetic synth leggings Banksy. Shabby chic PBR plaid helvetica dreamcatcher tousled, irony ethnic Tonx sustainable before they sold out McSweeney\'s. Hoodie Banksy freegan bicycle rights, aesthetic try-hard fap ethnic deep v fixie. Before they sold out +1 ugh, Bushwick Wes Anderson cred Marfa synth butcher jean shorts Terry Richardson.<br>\\r\\n<br>\\r\\nEnnui Williamsburg Echo Park pork belly, hella flannel single-origin coffee. Bicycle rights artisan beard Neutra cardigan Echo Park. Shoreditch flannel tote bag pug jean shorts post-ironic semiotics cornhole forage. Skateboard aesthetic synth leggings Banksy. Shabby chic PBR plaid helvetica dreamcatcher tousled, irony ethnic Tonx sustainable before they sold out McSweeney\'s. Hoodie Banksy freegan bicycle rights, aesthetic try-hard fap ethnic deep v fixie. Before they sold out +1 ugh, Bushwick Wes Anderson cred Marfa synth butcher jean shorts Terry Richardson.<br>\\r\\n<br>\\r\\nEnnui Williamsburg Echo Park pork belly, hella flannel single-origin coffee. Bicycle rights artisan beard Neutra cardigan Echo Park. Shoreditch flannel tote bag pug jean shorts post-ironic semiotics cornhole forage. Skateboard aesthetic synth leggings Banksy. Shabby chic PBR plaid helvetica dreamcatcher tousled, irony ethnic Tonx sustainable before they sold out McSweeney\'s. Hoodie Banksy freegan bicycle rights, aesthetic try-hard fap ethnic deep v fixie. Before they sold out +1 ugh, Bushwick Wes Anderson cred Marfa synth butcher jean shorts Terry Richardson.<br>\\r\\n<br>\\r\\nEnnui Williamsburg Echo Park pork belly, hella flannel single-origin coffee. Bicycle rights artisan beard Neutra cardigan Echo Park. Shoreditch flannel tote bag pug jean shorts post-ironic semiotics cornhole forage. Skateboard aesthetic synth leggings Banksy. Shabby chic PBR plaid helvetica dreamcatcher tousled, irony ethnic Tonx sustainable before they sold out McSweeney\'s. Hoodie Banksy freegan bicycle rights, aesthetic try-hard fap ethnic deep v fixie. Before they sold out +1 ugh, Bushwick Wes Anderson cred Marfa synth butcher jean shorts Terry Richardson.<br>\\r\\n<br>\\r\\nEnnui Williamsburg Echo Park pork belly, hella flannel single-origin coffee. Bicycle rights artisan beard Neutra cardigan Echo Park. Shoreditch flannel tote bag pug jean shorts post-ironic semiotics cornhole forage. Skateboard aesthetic synth leggings Banksy. Shabby chic PBR plaid helvetica dreamcatcher tousled, irony ethnic Tonx sustainable before they sold out McSweeney\'s. Hoodie Banksy freegan bicycle rights, aesthetic try-hard fap ethnic deep v fixie. Before they sold out +1 ugh, Bushwick Wes Anderson cred Marfa synth butcher jean shorts Terry Richardson.<br>\\r\\n<br>\\r\\nEnnui Williamsburg Echo Park pork belly, hella flannel single-origin coffee. Bicycle rights artisan beard Neutra cardigan Echo Park. Shoreditch flannel tote bag pug jean shorts post-ironic semiotics cornhole forage. Skateboard aesthetic synth leggings Banksy. Shabby chic PBR plaid helvetica dreamcatcher tousled, irony ethnic Tonx sustainable before they sold out McSweeney\'s. Hoodie Banksy freegan bicycle rights, aesthetic try-hard fap ethnic deep v fixie. Before they sold out +1 ugh, Bushwick Wes Anderson cred Marfa synth butcher jean shorts Terry Richardson.<br>\\r\\n<br>\\r\\nEnnui Williamsburg Echo Park pork belly, hella flannel single-origin coffee. Bicycle rights artisan beard Neutra cardigan Echo Park. Shoreditch flannel tote bag pug jean shorts post-ironic semiotics cornhole forage. Skateboard aesthetic synth leggings Banksy. Shabby chic PBR plaid helvetica dreamcatcher tousled, irony ethnic Tonx sustainable before they sold out McSweeney\'s. Hoodie Banksy freegan bicycle rights, aesthetic try-hard fap ethnic deep v fixie. Before they sold out +1 ugh, Bushwick Wes Anderson cred Marfa synth butcher jean shorts Terry Richardson.\"}]', 24, 1, '2021-02-16 14:22:20'),
(143, 1, 'Найти все уникальные значения массива JS', 'Решение одной строкой', '[{\"type\":\"text\",\"value\":\"Ennui Williamsburg Echo Park pork belly, hella flannel single-origin coffee. Bicycle rights artisan beard Neutra cardigan Echo Park. Shoreditch flannel tote bag pug jean shorts post-ironic semiotics cornhole forage. Skateboard aesthetic synth leggings Banksy. Shabby chic PBR plaid helvetica dreamcatcher tousled, irony ethnic Tonx sustainable before they sold out McSweeney\'s. Hoodie Banksy freegan bicycle rights, aesthetic try-hard fap ethnic deep v fixie. Before they sold out +1 ugh, Bushwick Wes Anderson cred Marfa synth butcher jean shorts Terry Richardson.\"}]', 24, 1, '2021-02-16 14:23:24'),
(144, 8, 'Какой выбрать сервер для приложения на Vue.js', 'PHP и Node.js', '[{\"type\":\"text\",\"value\":\"Ennui Williamsburg Echo Park pork belly, hella flannel single-origin coffee. Bicycle rights artisan beard Neutra cardigan Echo Park. Shoreditch flannel tote bag pug jean shorts post-ironic semiotics cornhole forage. Skateboard aesthetic synth leggings Banksy. Shabby chic PBR plaid helvetica dreamcatcher tousled, irony ethnic Tonx sustainable before they sold out McSweeney\'s. Hoodie Banksy freegan bicycle rights, aesthetic try-hard fap ethnic deep v fixie. Before they sold out +1 ugh, Bushwick Wes Anderson cred Marfa synth butcher jean shorts Terry Richardson.<br>\\r\\n<br>\\r\\nEnnui Williamsburg Echo Park pork belly, hella flannel single-origin coffee. Bicycle rights artisan beard Neutra cardigan Echo Park. Shoreditch flannel tote bag pug jean shorts post-ironic semiotics cornhole forage. Skateboard aesthetic synth leggings Banksy. Shabby chic PBR plaid helvetica dreamcatcher tousled, irony ethnic Tonx sustainable before they sold out McSweeney\'s. Hoodie Banksy freegan bicycle rights, aesthetic try-hard fap ethnic deep v fixie. Before they sold out +1 ugh, Bushwick Wes Anderson cred Marfa synth butcher jean shorts Terry Richardson.<br>\\r\\n<br>\\r\\nEnnui Williamsburg Echo Park pork belly, hella flannel single-origin coffee. Bicycle rights artisan beard Neutra cardigan Echo Park. Shoreditch flannel tote bag pug jean shorts post-ironic semiotics cornhole forage. Skateboard aesthetic synth leggings Banksy. Shabby chic PBR plaid helvetica dreamcatcher tousled, irony ethnic Tonx sustainable before they sold out McSweeney\'s. Hoodie Banksy freegan bicycle rights, aesthetic try-hard fap ethnic deep v fixie. Before they sold out +1 ugh, Bushwick Wes Anderson cred Marfa synth butcher jean shorts Terry Richardson.<br>\\r\\n<br>\\r\\nEnnui Williamsburg Echo Park pork belly, hella flannel single-origin coffee. Bicycle rights artisan beard Neutra cardigan Echo Park. Shoreditch flannel tote bag pug jean shorts post-ironic semiotics cornhole forage. Skateboard aesthetic synth leggings Banksy. Shabby chic PBR plaid helvetica dreamcatcher tousled, irony ethnic Tonx sustainable before they sold out McSweeney\'s. Hoodie Banksy freegan bicycle rights, aesthetic try-hard fap ethnic deep v fixie. Before they sold out +1 ugh, Bushwick Wes Anderson cred Marfa synth butcher jean shorts Terry Richardson.<br>\\r\\n<br>\\r\\nEnnui Williamsburg Echo Park pork belly, hella flannel single-origin coffee. Bicycle rights artisan beard Neutra cardigan Echo Park. Shoreditch flannel tote bag pug jean shorts post-ironic semiotics cornhole forage. Skateboard aesthetic synth leggings Banksy. Shabby chic PBR plaid helvetica dreamcatcher tousled, irony ethnic Tonx sustainable before they sold out McSweeney\'s. Hoodie Banksy freegan bicycle rights, aesthetic try-hard fap ethnic deep v fixie. Before they sold out +1 ugh, Bushwick Wes Anderson cred Marfa synth butcher jean shorts Terry Richardson.<br>\\r\\n<br>\\r\\nEnnui Williamsburg Echo Park pork belly, hella flannel single-origin coffee. Bicycle rights artisan beard Neutra cardigan Echo Park. Shoreditch flannel tote bag pug jean shorts post-ironic semiotics cornhole forage. Skateboard aesthetic synth leggings Banksy. Shabby chic PBR plaid helvetica dreamcatcher tousled, irony ethnic Tonx sustainable before they sold out McSweeney\'s. Hoodie Banksy freegan bicycle rights, aesthetic try-hard fap ethnic deep v fixie. Before they sold out +1 ugh, Bushwick Wes Anderson cred Marfa synth butcher jean shorts Terry Richardson.\"}]', 20, 1, '2021-02-16 14:27:33'),
(145, 14, 'Виды связей между таблицами базы данных', 'Краткий курс который поможет эффективно проектировать базы данных', '[{\"type\":\"text\",\"value\":\"Ennui Williamsburg Echo Park pork belly, hella flannel single-origin coffee. Bicycle rights artisan beard Neutra cardigan Echo Park. Shoreditch flannel tote bag pug jean shorts post-ironic semiotics cornhole forage. Skateboard aesthetic synth leggings Banksy. Shabby chic PBR plaid helvetica dreamcatcher tousled, irony ethnic Tonx sustainable before they sold out McSweeney\'s. Hoodie Banksy freegan bicycle rights, aesthetic try-hard fap ethnic deep v fixie. Before they sold out +1 ugh, Bushwick Wes Anderson cred Marfa synth butcher jean shorts Terry Richardson.Ennui Williamsburg Echo Park pork belly, hella flannel single-origin coffee. Bicycle rights artisan beard Neutra cardigan Echo Park. Shoreditch flannel tote bag pug jean shorts post-ironic semiotics cornhole forage. Skateboard aesthetic synth leggings Banksy. Shabby chic PBR plaid helvetica dreamcatcher tousled, irony ethnic Tonx sustainable before they sold out McSweeney\'s. Hoodie Banksy freegan bicycle rights, aesthetic try-hard fap ethnic deep v fixie. Before they sold out +1 ugh, Bushwick Wes Anderson cred Marfa synth butcher jean shorts Terry Richardson.Ennui Williamsburg Echo Park pork belly, hella flannel single-origin coffee. Bicycle rights artisan beard Neutra cardigan Echo Park. Shoreditch flannel tote bag pug jean shorts post-ironic semiotics cornhole forage. Skateboard aesthetic synth leggings Banksy. Shabby chic PBR plaid helvetica dreamcatcher tousled, irony ethnic Tonx sustainable before they sold out McSweeney\'s. Hoodie Banksy freegan bicycle rights, aesthetic try-hard fap ethnic deep v fixie. Before they sold out +1 ugh, Bushwick Wes Anderson cred Marfa synth butcher jean shorts Terry Richardson.<br>\\r\\n<br>\\r\\n<br>\\r\\nEnnui Williamsburg Echo Park pork belly, hella flannel single-origin coffee. Bicycle rights artisan beard Neutra cardigan Echo Park. Shoreditch flannel tote bag pug jean shorts post-ironic semiotics cornhole forage. Skateboard aesthetic synth leggings Banksy. Shabby chic PBR plaid helvetica dreamcatcher tousled, irony ethnic Tonx sustainable before they sold out McSweeney\'s. Hoodie Banksy freegan bicycle rights, aesthetic try-hard fap ethnic deep v fixie. Before they sold out +1 ugh, Bushwick Wes Anderson cred Marfa synth butcher jean shorts Terry Richardson.<br>\\r\\n<br>\\r\\nEnnui Williamsburg Echo Park pork belly, hella flannel single-origin coffee. Bicycle rights artisan beard Neutra cardigan Echo Park. Shoreditch flannel tote bag pug jean shorts post-ironic semiotics cornhole forage. Skateboard aesthetic synth leggings Banksy. Shabby chic PBR plaid helvetica dreamcatcher tousled, irony ethnic Tonx sustainable before they sold out McSweeney\'s. Hoodie Banksy freegan bicycle rights, aesthetic try-hard fap ethnic deep v fixie. Before they sold out +1 ugh, Bushwick Wes Anderson cred Marfa synth butcher jean shorts Terry Richardson.<br>\\r\\n<br>\\r\\n<br>\\r\\n<br>\\r\\nEnnui Williamsburg Echo Park pork belly, hella flannel single-origin coffee. Bicycle rights artisan beard Neutra cardigan Echo Park. Shoreditch flannel tote bag pug jean shorts post-ironic semiotics cornhole forage. Skateboard aesthetic synth leggings Banksy. Shabby chic PBR plaid helvetica dreamcatcher tousled, irony ethnic Tonx sustainable before they sold out McSweeney\'s. Hoodie Banksy freegan bicycle rights, aesthetic try-hard fap ethnic deep v fixie. Before they sold out +1 ugh, Bushwick Wes Anderson cred Marfa synth butcher jean shorts Terry Richardson.\"}]', 20, 1, '2021-02-16 14:41:00'),
(147, 32, 'ww', 'ww', '[]', 20, 0, '2021-02-16 16:38:06');

-- --------------------------------------------------------

--
-- Структура таблицы `author`
--

CREATE TABLE `author` (
  `id` int(11) NOT NULL,
  `login` varchar(255) DEFAULT NULL,
  `email` varchar(255) DEFAULT NULL,
  `password` varchar(255) DEFAULT NULL,
  `admin` int(11) DEFAULT 0,
  `super_admin` int(11) DEFAULT 0,
  `is_ban` int(11) NOT NULL DEFAULT 0,
  `date_add` timestamp NOT NULL DEFAULT current_timestamp()
) ENGINE=InnoDB DEFAULT CHARSET=utf8;

--
-- Дамп данных таблицы `author`
--

INSERT INTO `author` (`id`, `login`, `email`, `password`, `admin`, `super_admin`, `is_ban`, `date_add`) VALUES
(20, 'web_master', 'qw@ukr.net', '$2y$10$eYUpESBINN.IVJpRdF2xquqymfgZ2Sbwg0AavNaxmidzixcXAoq0y', 1, 1, 0, '2021-02-16 11:48:53'),
(21, 'programmer', 'as@ukr.net', '$2y$10$kD.psR9bOZ4heRF0II7v9.JLuxfL59AC11GJ6XmjzhIhJk3Kt3mcy', 0, 0, 0, '2021-02-16 13:40:05'),
(22, 'it_company', 'aa@ukr.net', '$2y$10$2ZjVhcl0Dj3BMECzLLYLHOl.7z2be8pSm9kzC/Swnr0C6qlG1C/PO', 0, 0, 0, '2021-02-16 13:49:21'),
(23, 'no_name', 'zx@ukr.net', '$2y$10$PwkNO400uRjYURAnwu.PN.J34V6RelVm63g45uaKDU0Ve.D0Xg0Da', 0, 0, 0, '2021-02-16 14:05:22'),
(24, 'aviator', 'zz@ukr.net', '$2y$10$LPl0qKkWTqVjWtrVUXFVV.ZE4kqjl9/euJl5qcrKknpDVe.8pWLWi', 1, 0, 0, '2021-02-16 14:16:46');

-- --------------------------------------------------------

--
-- Структура таблицы `rubrics`
--

CREATE TABLE `rubrics` (
  `id` int(11) NOT NULL,
  `name` varchar(255) DEFAULT NULL,
  `url` varchar(255) DEFAULT NULL,
  `date_add` timestamp NOT NULL DEFAULT current_timestamp()
) ENGINE=InnoDB DEFAULT CHARSET=utf8;

--
-- Дамп данных таблицы `rubrics`
--

INSERT INTO `rubrics` (`id`, `name`, `url`, `date_add`) VALUES
(1, 'JS', 'js', '2020-10-06 20:05:52'),
(2, 'PHP', 'php', '2020-10-06 20:05:52'),
(3, 'WEB', 'web', '2020-10-06 20:05:52'),
(4, 'Android', 'android', '2020-10-06 20:05:52'),
(5, 'Теория вероятности', 'probability_theory', '2020-10-06 20:05:52'),
(6, 'Rust', 'rust', '2020-10-06 20:05:52'),
(7, 'Angular', 'angular', '2020-10-06 20:05:52'),
(8, 'Vue.js', 'vue', '2021-02-09 15:30:17'),
(9, 'React', 'react', '2021-02-09 20:42:37'),
(10, 'Алгоритмы', 'algoritms', '2021-02-09 21:06:22'),
(11, 'Задача', 'task', '2021-02-12 00:33:49'),
(12, 'Аналитика', 'analitic', '2021-02-14 12:24:39'),
(13, 'Разное', 'sundry', '2021-02-15 17:18:15'),
(14, 'MySQL', 'mysql', '2021-02-16 10:31:41'),
(15, 'Игры', 'games', '2021-02-16 10:32:58'),
(16, 'Дизайн', 'design', '2021-02-16 10:34:21'),
(17, 'Паттерны', 'pattern', '2021-02-16 10:34:44'),
(18, 'IOS', 'ios', '2021-02-16 10:35:11'),
(19, 'Swift', 'swift', '2021-02-16 10:36:09'),
(20, 'HTML', 'html', '2021-02-16 10:36:31'),
(21, 'CSS', 'css', '2021-02-16 10:36:40'),
(22, 'Верстка', 'layout', '2021-02-16 10:38:26'),
(23, 'Computer science', 'informatics', '2021-02-16 10:39:44'),
(24, 'Windows', 'windows', '2021-02-16 10:41:07'),
(25, 'Linux', 'linuxs', '2021-02-16 10:41:30'),
(26, 'Node.js', 'nodeJs', '2021-02-16 10:42:28'),
(27, 'C', 'c', '2021-02-16 10:43:46'),
(28, 'Ubuntu', 'ubuntu', '2021-02-16 10:44:05'),
(29, 'Laravel', 'laravel', '2021-02-16 10:44:31'),
(30, 'Yii', 'yii', '2021-02-16 10:45:03'),
(31, 'Железо', 'equipment', '2021-02-16 10:49:20'),
(32, 'WordPress', 'wordpress', '2021-02-16 10:49:59'),
(33, 'OpenCart', 'opencart', '2021-02-16 10:50:32'),
(34, 'Joomla', 'joomla', '2021-02-16 10:50:47'),
(35, 'Magento', 'magento', '2021-02-16 10:52:05'),
(36, 'Карьера', 'career', '2021-02-16 13:08:34');

-- --------------------------------------------------------

--
-- Структура таблицы `sessions`
--

CREATE TABLE `sessions` (
  `id` int(11) NOT NULL,
  `id_user` int(11) NOT NULL,
  `refresh_token` text NOT NULL,
  `exp` int(11) NOT NULL,
  `date_add` timestamp NOT NULL DEFAULT current_timestamp()
) ENGINE=InnoDB DEFAULT CHARSET=utf8;

--
-- Индексы сохранённых таблиц
--

--
-- Индексы таблицы `articles`
--
ALTER TABLE `articles`
  ADD PRIMARY KEY (`id`);

--
-- Индексы таблицы `author`
--
ALTER TABLE `author`
  ADD PRIMARY KEY (`id`);

--
-- Индексы таблицы `rubrics`
--
ALTER TABLE `rubrics`
  ADD PRIMARY KEY (`id`);

--
-- Индексы таблицы `sessions`
--
ALTER TABLE `sessions`
  ADD PRIMARY KEY (`id`);

--
-- AUTO_INCREMENT для сохранённых таблиц
--

--
-- AUTO_INCREMENT для таблицы `articles`
--
ALTER TABLE `articles`
  MODIFY `id` int(11) NOT NULL AUTO_INCREMENT, AUTO_INCREMENT=148;

--
-- AUTO_INCREMENT для таблицы `author`
--
ALTER TABLE `author`
  MODIFY `id` int(11) NOT NULL AUTO_INCREMENT, AUTO_INCREMENT=25;

--
-- AUTO_INCREMENT для таблицы `rubrics`
--
ALTER TABLE `rubrics`
  MODIFY `id` int(11) NOT NULL AUTO_INCREMENT, AUTO_INCREMENT=37;

--
-- AUTO_INCREMENT для таблицы `sessions`
--
ALTER TABLE `sessions`
  MODIFY `id` int(11) NOT NULL AUTO_INCREMENT, AUTO_INCREMENT=3270;
COMMIT;

/*!40101 SET CHARACTER_SET_CLIENT=@OLD_CHARACTER_SET_CLIENT */;
/*!40101 SET CHARACTER_SET_RESULTS=@OLD_CHARACTER_SET_RESULTS */;
/*!40101 SET COLLATION_CONNECTION=@OLD_COLLATION_CONNECTION */;
